,Title,Difficult,Description,Link,Departments,Topics,urls
0,Ecology I: The Earth System,Undergraduate,"We will cover fundamentals of ecology, considering Earth as an integrated dynamic system. Topics include coevolution of the biosphere, geosphere, atmosphere and oceans; photosynthesis and respiration; the hydrologic, carbon and nitrogen cycles. We will examine the flow of energy and materials through ecosystems; regulation of the distribution and abundance of organisms; structure and function of ecosystems, including evolution and natural selection; metabolic diversity; productivity; trophic dynamics; models of population growth, competition, mutualism and predation. This course is designated as Communication-Intensive; instruction and practice in oral and written communication provided. Biology is a recommended prerequisite.Show less",https://ocw.mit.edu/courses/1-018j-ecology-i-the-earth-system-fall-2009/,Civil and Environmental Engineering,"Science, Biology, Ecology, Earth Science, Science, Biology, Ecology, Earth Science",https://ocw.mit.edu/courses/1-018j-ecology-i-the-earth-system-fall-2009/6fb954a330c3fe950f2305df362b755a_1-018jf09.jpg
1,Ecology II: Engineering for Sustainability,Undergraduate,"This course provides a review of physical, chemical, ecological, and economic principles used to examine interactions between humans and the natural environment. Mass balance concepts are applied to ecology, chemical kinetics, hydrology, and transportation; energy balance concepts are applied to building design, ecology, and climate change; and economic and life cycle concepts are applied to resource evaluation and engineering design. Numerical models are used to integrate concepts and to assess environmental impacts of human activities. Problem sets involve development of MATLAB® models for particular engineering applications. Some experience with computer programming is helpful but not essential.Show less",https://ocw.mit.edu/courses/1-020-ecology-ii-engineering-for-sustainability-spring-2008/,Civil and Environmental Engineering,"Engineering, Civil Engineering, Science, Biology, Ecology, Earth Science, Environmental Science, Sustainability, Engineering, Civil Engineering, Science, Biology, Ecology, Earth Science, Environmental Science, Sustainability",https://ocw.mit.edu/courses/1-020-ecology-ii-engineering-for-sustainability-spring-2008/1f6e6928aa30d00ffac1baf0fe2ce516_1-020s08.jpg
2,Transport Processes in the Environment,Undergraduate,"This class serves as an introduction to mass transport in environmental flows, with emphasis given to river and lake systems. The class will cover the derivation and solutions to the differential form of mass conservation equations. Class topics to be covered will include: molecular and turbulent diffusion, boundary layers, dissolution, bed-water exchange, air-water exchange and particle transport.Show less",https://ocw.mit.edu/courses/1-061-transport-processes-in-the-environment-fall-2008/,Civil and Environmental Engineering,"Engineering, Chemical Engineering, Transport Processes, Environmental Engineering, Aquatic Sciences and Water Quality Control, Hydrology and Water Resource Systems, Engineering, Chemical Engineering, Transport Processes, Environmental Engineering, Aquatic Sciences and Water Quality Control, Hydrology and Water Resource Systems",https://ocw.mit.edu/courses/1-061-transport-processes-in-the-environment-fall-2008/c7c2146d0db632cbdd748084dbe0765f_1-061f08.jpg
3,Advanced Fluid Dynamics of the Environment,Graduate,"Designed to familiarize students with theories and analytical tools useful for studying research literature, this course is a survey of fluid mechanical problems in the water environment. Because of the inherent nonlinearities in the governing equations, we shall emphasize the art of making analytical approximations not only for facilitating calculations but also for gaining deeper physical insight. The importance of scales will be discussed throughout the course in lectures and homeworks. Mathematical techniques beyond the usual preparation of first-year graduate students will be introduced as a part of the course. Topics vary from year to year.Show less",https://ocw.mit.edu/courses/1-63-advanced-fluid-dynamics-of-the-environment-fall-2002/,Civil and Environmental Engineering,"Engineering, Environmental Engineering, Hydrodynamics and Coastal Engineering, Mechanical Engineering, Fluid Mechanics, Ocean Engineering, Hydrodynamics, Engineering, Environmental Engineering, Hydrodynamics and Coastal Engineering, Mechanical Engineering, Fluid Mechanics, Ocean Engineering, Hydrodynamics",https://ocw.mit.edu/courses/1-63-advanced-fluid-dynamics-of-the-environment-fall-2002/3f2d7124b2f556748bf2449858ad6329_1-63f02.gif
4,"Land, Water, Food, and Climate",Graduate,"This reading seminar examines land, water, food, and climate in a changing world, with an emphasis on key scientific questions about the connections between natural resources and food production. Students read and discuss papers on a range of topics, including water and land resources, climate change, demography, agroecology, biotechnology, trade, and food security. The readings are supplemented by short lectures that provide context and summarize main points. The seminar provides a broad perspective on one of the defining global issues of this century. Students consider scientific controversies as well as areas of general agreement and examine practical solutions for addressing critical problems.Show less",https://ocw.mit.edu/courses/1-74-land-water-food-and-climate-fall-2020/,Civil and Environmental Engineering,"Energy, Climate, Renewables, Science, Earth Science, Climate Studies, Environmental Science, Sustainability, Energy, Climate, Renewables, Science, Earth Science, Climate Studies, Environmental Science, Sustainability",https://ocw.mit.edu/courses/1-74-land-water-food-and-climate-fall-2020/91c7e46aac2bd5748ba131e1e5a55ee2_1-74s19.jpg
5,Atmospheric Chemistry,Graduate,"This course provides a detailed overview of the chemical transformations that control the abundances of key trace species in the Earth’s atmosphere. Emphasizes the effects of human activity on air quality and climate. Topics include photochemistry, kinetics, and thermodynamics important to the chemistry of the atmosphere; stratospheric ozone depletion; oxidation chemistry of the troposphere; photochemical smog; aerosol chemistry; and sources and sinks of greenhouse gases and other climate forcers.Show less",https://ocw.mit.edu/courses/1-84j-atmospheric-chemistry-fall-2013/,Civil and Environmental Engineering,"Energy, Climate, Science, Earth Science, Atmospheric Science, Energy, Climate, Science, Earth Science, Atmospheric Science",https://ocw.mit.edu/courses/1-84j-atmospheric-chemistry-fall-2013/aea7f5215f80326880c9c3be83afadc1_1-84jf13.jpg
6,Thermodynamics & Kinetics,Undergraduate,"This subject deals primarily with equilibrium properties of macroscopic systems, basic thermodynamics, chemical equilibrium of reactions in gas and solution phase, and rates of chemical reactions.
ACKNOWLEDGEMENTS
The material for 5.60 has evolved over a period of many years, and therefore several faculty members have contributed to the development of the course contents. The following are known to have assisted in preparing the lecture notes available on OpenCourseWare: Emeritus Professors of Chemistry: Robert A. Alberty, Carl W. Garland, Irwin Oppenheim, John S. Waugh. Professors of Chemistry: Moungi Bawendi, John M. Deutch, Robert W. Field, Robert G. Griffin, Keith A. Nelson, Robert J. Silbey, Jeffrey I. Steinfeld. Professor of Bioengineering and Computer Science: Bruce Tidor. Professor of Chemistry, Rice University: James L. Kinsey. Professor of Physics, University of Illinois: Philip W. Phillips.
Show less",https://ocw.mit.edu/courses/5-60-thermodynamics-kinetics-spring-2008/,Chemistry,"Science, Chemistry, Physical Chemistry, Physics, Classical Mechanics, Thermodynamics, Science, Chemistry, Physical Chemistry, Physics, Classical Mechanics, Thermodynamics",https://ocw.mit.edu/courses/5-60-thermodynamics-kinetics-spring-2008/15f29189c66d698a742c562fb1f723ef_5-60s08.jpg
7,The Physics of Energy,Undergraduate,"This course is designed to give you the scientific understanding you need to answer questions like:
How much energy can we really get from wind?
How does a solar photovoltaic work?
What is an OTEC (Ocean Thermal Energy Converter) and how does it work?
What is the physics behind global warming?
What makes engines efficient?
How does a nuclear reactor work, and what are the realistic hazards?
The course is designed for MIT sophomores, juniors, and seniors who want to understand the fundamental laws and physical processes that govern the sources, extraction, transmission, storage, degradation, and end uses of energy.
Show less",https://ocw.mit.edu/courses/8-21-the-physics-of-energy-fall-2009/,Physics,"Energy, Buildings, Climate, Combustion, Electricity, Fossil Fuels, Fuel Cells, Hydrogen and Alternatives, Nuclear, Renewables, Technology, Science, Physics, Energy, Buildings, Climate, Combustion, Electricity, Fossil Fuels, Fuel Cells, Hydrogen and Alternatives, Nuclear, Renewables, Technology, Science, Physics",https://ocw.mit.edu/courses/8-21-the-physics-of-energy-fall-2009/1fdc422e81a1b4aad13fb6657648ad25_8-21f09.jpg
8,Solving Complex Problems,Undergraduate,"12.000 Solving Complex Problems is designed to provide students the opportunity to work as part of a team to propose solutions to a complex problem that requires an interdisciplinary approach. For the students of the class of 2013, 12.000 will revolve around the issues associated with what we can and must do about the steadily increasing amounts CO2 in Earth’s atmosphere.
12.000 is a core course for the MIT Terrascope freshman learning community. Each year’s class explores a different problem in detail through the study of complementary case histories and the development of creative solution strategies. It includes training in Web site development, effective written and oral communication, and team building. Initially developed with major financial support from the d’Arbeloff Fund for Excellence in Education, 12.000 is designed to enhance the freshman experience by helping students develop contexts for other subjects in the sciences and humanities, and by helping them to establish learning communities that include upperclassmen, faculty, MIT alumni, and professionals in science and engineering fields.
Show less",https://ocw.mit.edu/courses/12-000-solving-complex-problems-fall-2009/,"Earth, Atmospheric, and Planetary Sciences","Engineering, Environmental Engineering, Environmental Management, Science, Earth Science, Atmospheric Science, Environmental Science, Social Science, Public Administration, Environmental Policy, Engineering, Environmental Engineering, Environmental Management, Science, Earth Science, Atmospheric Science, Environmental Science, Social Science, Public Administration, Environmental Policy",https://ocw.mit.edu/courses/12-000-solving-complex-problems-fall-2009/d0858e57959fc33931782b75722957ef_12-000f09.jpg
9,Introduction to Geology,Undergraduate,"Geology is the core discipline of the earth sciences and encompasses many different phenomena, including plate tectonics and mountain building, volcanoes and earthquakes, and the long-term evolution of Earth’s atmosphere, surface and life. Because of the ever-increasing demand for resources, the growing exposure to natural hazards, and the changing climate, geology is of considerable societal relevance. This course introduces students to the basics of geology. Through a combination of lectures, labs, and field observations, we will address topics ranging from mineral and rock identification to the origin of the continents, from geologic mapping to plate tectonics, and from erosion by rivers and glaciers to the history of life.Show less",https://ocw.mit.edu/courses/12-001-introduction-to-geology-fall-2013/,"Earth, Atmospheric, and Planetary Sciences","Science, Earth Science, Geology, Science, Earth Science, Geology",https://ocw.mit.edu/courses/12-001-introduction-to-geology-fall-2013/76ea2d54123485055dd1e6621b9edf6a_12-001f13.jpg
10,Physics and Chemistry of the Terrestrial Planets,Undergraduate,"This course introduces the structure, composition, and physical processes governing the terrestrial planets, including their formation and basic orbital properties. Topics include plate tectonics, earthquakes, seismic waves, rheology, impact cratering, gravity and magnetic fields, heat flux, thermal structure, mantle convection, deep interiors, planetary magnetism, and core dynamics. Suitable for majors and non-majors seeking general background in geophysics and planetary structure.Show less",https://ocw.mit.edu/courses/12-002-physics-and-chemistry-of-the-terrestrial-planets-fall-2008/,"Earth, Atmospheric, and Planetary Sciences","Science, Earth Science, Geophysics, Planetary Science, Science, Earth Science, Geophysics, Planetary Science",https://ocw.mit.edu/courses/12-002-physics-and-chemistry-of-the-terrestrial-planets-fall-2008/35c770380da1494b9a7de22103d59dd4_12-002f08.jpg
11,"Atmosphere, Ocean and Climate Dynamics",Undergraduate,"This undergraduate class is designed to introduce students to the physics that govern the circulation of the ocean and atmosphere. The focus of the course is on the processes that control the climate of the planet.
ACKNOWLEDGMENTS
Prof. Ferrari wishes to acknowledge that this course was originally designed and taught by Prof. John Marshall.
Show less",https://ocw.mit.edu/courses/12-003-atmosphere-ocean-and-climate-dynamics-fall-2008/,"Earth, Atmospheric, and Planetary Sciences","Engineering, Ocean Engineering, Hydrodynamics, Science, Earth Science, Atmospheric Science, Climate Studies, Environmental Science, Geophysics, Oceanography, Engineering, Ocean Engineering, Hydrodynamics, Science, Earth Science, Atmospheric Science, Climate Studies, Environmental Science, Geophysics, Oceanography",https://ocw.mit.edu/courses/12-003-atmosphere-ocean-and-climate-dynamics-fall-2008/0baea9d8a6be259d9417ecb1227f4fb6_12-003f08.jpg
12,Geobiology,Undergraduate,"This course introduces the parallel evolution of life and the environment. Life processes are influenced by chemical and physical processes in the atmosphere, hydrosphere, cryosphere and the solid earth. In turn, life can influence chemical and physical processes on our planet. This course explores the concept of life as a geological agent and examines the interaction between biology and the earth system during the roughly 4 billion years since life first appeared.Show less",https://ocw.mit.edu/courses/12-007-geobiology-spring-2013/,"Earth, Atmospheric, and Planetary Sciences","Science, Earth Science, Geobiology, Science, Earth Science, Geobiology",https://ocw.mit.edu/courses/12-007-geobiology-spring-2013/b037dab4b1ff2ace7a6f6557eb4515af_12-007s13.jpg
13,Modeling Environmental Complexity,Undergraduate,"This course provides an introduction to the study of environmental phenomena that exhibit both organized structure and wide variability—i.e., complexity. Through focused study of a variety of physical, biological, and chemical problems in conjunction with theoretical models, we learn a series of lessons with wide applicability to understanding the structure and organization of the natural world. Students also learn how to construct minimal mathematical, physical, and computational models that provide informative answers to precise questions.
This course is appropriate for advanced undergraduates. Beginning graduate students are encouraged to register for 12.586 (graduate version of 12.086). Students taking the graduate version complete different assignments.
Show less",https://ocw.mit.edu/courses/12-086-modeling-environmental-complexity-fall-2014/,"Earth, Atmospheric, and Planetary Sciences","Engineering, Systems Engineering, Computational Modeling and Simulation, Science, Earth Science, Environmental Science, Engineering, Systems Engineering, Computational Modeling and Simulation, Science, Earth Science, Environmental Science",https://ocw.mit.edu/courses/12-086-modeling-environmental-complexity-fall-2014/181d87a05946cbcffe77af4ccfdb50e0_12-086f14.jpg
14,The Environment of the Earth's Surface,Undergraduate,"A great variety of processes affect the surface of the Earth. Topics to be covered are production and movement of surficial materials; soils and soil erosion; precipitation; streams and lakes; groundwater flow; glaciers and their deposits. The course combines aspects of geology, climatology, hydrology, and soil science to present a coherent introduction to the surface of the Earth, with emphasis on both fundamental concepts and practical applications, as a basis for understanding and intelligent management of the Earth’s physical and chemical environment.Show less",https://ocw.mit.edu/courses/12-090-the-environment-of-the-earths-surface-spring-2007/,"Earth, Atmospheric, and Planetary Sciences","Engineering, Environmental Engineering, Hydrology and Water Resource Systems, Science, Earth Science, Environmental Science, Geology, Geophysics, Planetary Science, Engineering, Environmental Engineering, Hydrology and Water Resource Systems, Science, Earth Science, Environmental Science, Geology, Geophysics, Planetary Science",https://ocw.mit.edu/courses/12-090-the-environment-of-the-earths-surface-spring-2007/6d5c85662cb71dbcf63f913786afa3d4_12-090s07.jpg
15,Science and Policy of Natural Hazards,Undergraduate,"This course examines the science of natural catastrophes such as earthquakes and hurricanes and explores the relationships between the science of and policy toward such hazards. It presents the causes and effects of these phenomena, discusses their predictability, and examines how this knowledge influences policy making. This course includes intensive practice in the writing and presentation of scientific research and summaries for policy makers.Show less",https://ocw.mit.edu/courses/12-103-science-and-policy-of-natural-hazards-spring-2010/,"Earth, Atmospheric, and Planetary Sciences","Science, Earth Science, Social Science, Public Administration, Environmental Policy, Science and Technology Policy, Science, Earth Science, Social Science, Public Administration, Environmental Policy, Science and Technology Policy",https://ocw.mit.edu/courses/12-103-science-and-policy-of-natural-hazards-spring-2010/06e073b6410a6317656d5807eb4efcc7_12-103s10.jpg
16,Weather and Climate Laboratory,Undergraduate,"Course 12.307 is an undergraduate course intended to illustrate, by means of ‘hands on’ projects, the basic dynamical and physical principles that govern the general circulation of the atmosphere and ocean and the day to day sequence of weather events.  The course parallels the content of the new undergraduate textbook Atmosphere, Ocean and Climate Dynamics by John Marshall and R. Alan Plumb.Show less",https://ocw.mit.edu/courses/12-307-weather-and-climate-laboratory-spring-2009/,"Earth, Atmospheric, and Planetary Sciences","Science, Earth Science, Atmospheric Science, Climate Studies, Oceanography, Science, Earth Science, Atmospheric Science, Climate Studies, Oceanography",https://ocw.mit.edu/courses/12-307-weather-and-climate-laboratory-spring-2009/ccde7941ad74114d54bf6b34292748a3_12-307s09.jpg
17,Atmospheric and Ocean Circulations,Undergraduate,"In this course, we will look at many important aspects of the circulation of the atmosphere and ocean, from length scales of meters to thousands of km and time scales ranging from seconds to years. We will assume familiarity with concepts covered in course 12.003 (Physics of the Fluid Earth). In the early stages of the present course, we will make somewhat greater use of math than did 12.003, but the math we will use is no more than that encountered in elementary electromagnetic field theory, for example. The focus of the course is on the physics of the phenomena which we will discuss.Show less",https://ocw.mit.edu/courses/12-333-atmospheric-and-ocean-circulations-spring-2004/,"Earth, Atmospheric, and Planetary Sciences","Science, Earth Science, Atmospheric Science, Climate Studies, Geophysics, Oceanography, Science, Earth Science, Atmospheric Science, Climate Studies, Geophysics, Oceanography",https://ocw.mit.edu/courses/12-333-atmospheric-and-ocean-circulations-spring-2004/fe6bc893da2dd6d499c676b6c749c8b8_12-333s04.jpg
18,Experimental Atmospheric Chemistry,"Undergraduate, Graduate","This course provides an introduction to the atmospheric chemistry involved in climate change, air pollution and biogeochemical cycles using a combination of hands-on laboratory, field studies, and simple computer models. Lectures will be accompanied by field trips to collect air samples for the analysis of gases, aerosols and clouds by the students.Show less",https://ocw.mit.edu/courses/12-335-experimental-atmospheric-chemistry-fall-2014/,"Earth, Atmospheric, and Planetary Sciences","Science, Chemistry, Earth Science, Atmospheric Science, Science, Chemistry, Earth Science, Atmospheric Science",https://ocw.mit.edu/courses/12-335-experimental-atmospheric-chemistry-fall-2014/8de82f5fe0f31b1a5e1d316cb85de3a4_12-335f14.jpg
19,Global Warming Science,Undergraduate,"This course provides students with a scientific foundation of anthropogenic climate change and an introduction to climate models. It focuses on fundamental physical processes that shape climate (e.g. solar variability, orbital mechanics, greenhouse gases, atmospheric and oceanic circulation, and volcanic and soil aerosols) and on evidence for past and present climate change. During the course they discuss material consequences of climate change, including sea level change, variations in precipitation, vegetation, storminess, and the incidence of disease. This course also examines the science behind mitigation and adaptation proposals.Show less",https://ocw.mit.edu/courses/12-340-global-warming-science-spring-2012/,"Earth, Atmospheric, and Planetary Sciences","Energy, Climate, Science, Earth Science, Atmospheric Science, Climate Studies, Environmental Science, Energy, Climate, Science, Earth Science, Atmospheric Science, Climate Studies, Environmental Science",https://ocw.mit.edu/courses/12-340-global-warming-science-spring-2012/8421859d4d573156342e293dc7114232_12-340s12.jpg
20,Paleoceanography,Graduate,"This class examines tools, data, and ideas related to past climate changes as seen in marine, ice core, and continental records. The most recent climate changes (mainly the past 500,000 years, ranging up to about 2 million years ago) will be emphasized. Quantitative tools for the examination of paleoceanographic data will be introduced (statistics, factor analysis, time series analysis, simple climatology).Show less",https://ocw.mit.edu/courses/12-740-paleoceanography-spring-2008/,"Earth, Atmospheric, and Planetary Sciences","Science, Earth Science, Climate Studies, Geochemistry, Geology, Oceanography, Science, Earth Science, Climate Studies, Geochemistry, Geology, Oceanography",https://ocw.mit.edu/courses/12-740-paleoceanography-spring-2008/38f52016823cd44e450b616ef00a157a_12-740s08.jpg
21,"D-Lab: Water, Climate Change, and Health",Undergraduate,"D-Lab: Water, Climate Change, and Health is a project-based, experiential, and transdisciplinary course. Together with peers and experts, we will explore the vitally important interface of water, climate change, and health. This course addresses mitigation and adaptation to climate change as it pertains to water and health. Water-borne illness, malnutrition, and vector-borne diseases represent the top three causes of morbidity and mortality in regions of our focus. Students submit a term project, setting the stage for a lifelong commitment to communicating climate science to a broad public.Show less",https://ocw.mit.edu/courses/ec-719-d-lab-water-climate-change-and-health-spring-2019/,Edgerton Center,"Health and Medicine, Public Health, Science, Earth Science, Climate Studies, Environmental Science, Sustainability, Health and Medicine, Public Health, Science, Earth Science, Climate Studies, Environmental Science, Sustainability",https://ocw.mit.edu/courses/ec-719-d-lab-water-climate-change-and-health-spring-2019/77f600a7b63c1e4abda441b2af62a92e_EC-719S19.jpg
22,Chemicals in the Environment: Toxicology and Public Health (BE.104J),Undergraduate,"This course addresses the challenges of defining a relationship between exposure to environmental chemicals and human disease. Course topics include epidemiological approaches to understanding disease causation; biostatistical methods; evaluation of human exposure to chemicals, and their internal distribution, metabolism, reactions with cellular components, and biological effects; and qualitative and quantitative health risk assessment methods used in the U.S. as bases for regulatory decision-making. Throughout the term, students consider case studies of local and national interest.Show less",https://ocw.mit.edu/courses/20-104j-chemicals-in-the-environment-toxicology-and-public-health-be-104j-spring-2005/,Biological Engineering,"Engineering, Biological Engineering, Biostatistics, Health and Medicine, Pharmacology and Toxicology, Public Health, Science, Earth Science, Environmental Science, Engineering, Biological Engineering, Biostatistics, Health and Medicine, Pharmacology and Toxicology, Public Health, Science, Earth Science, Environmental Science",https://ocw.mit.edu/courses/20-104j-chemicals-in-the-environment-toxicology-and-public-health-be-104j-spring-2005/ab70931f359e46de9e431df1ed019aaf_20-104js05.jpg
23,EarthDNA's Climate 101,Non-Credit,"The Climate 101 presentation was developed by Brandon Leshchinskiy in collaboration with Professor Dava Newman, MIT Portugal, and EarthDNA in an effort to mobilize young people as educators on the issue of climate change. The presentation addresses not only the science but also the economics and civics of climate change, incorporating a negotiation activity that brings key concepts to life.
This resource includes the slides and instructions for the presentation, along with an introductory video from Prof. Newman, a video of Leshchinskiy actually delivering the presentation to a classroom full of students, and extensive supporting materials that will help users to become climate ambassadors and deliver the Climate 101 presentation themselves.
Show less",https://ocw.mit.edu/courses/res-env-003-earthdnas-climate-101-fall-2019/,Unknown,"Science, Earth Science, Climate Studies, Environmental Science, Science, Earth Science, Climate Studies, Environmental Science",https://ocw.mit.edu/courses/res-env-003-earthdnas-climate-101-fall-2019/0a3e0110b49717c4fc338523c72a0cd8_res-env-003f19.jpg
24,"Climate Science, Risk & Solutions: A Climate Primer",Non-Credit,"The goal of the Climate Primer website is to summarize the most important lines of evidence for human-caused climate change. It confronts the stickier questions about uncertainty in our projections, engages in a discussion of risk and risk managment, and concludes by presenting different options for taking action. We hope that the facts prepare you for more effective conversations with your community about values, trade-offs, politics, and actions.
In March 2024, the MIT Environmental Solutions Initiative launched the first major update to the Climate Primer. The updated Primer includes more precise estimates of future global warming and its effects on global temperatures and extreme weather events, important advances in climate modeling, new actions taken around the world to adapt to the impacts of climate change, and the latest data about the pace at which clean energy and other critical climate solutions are being deployed. Read more about the update on the MIT Environmental Solutions website.
Show less",https://ocw.mit.edu/courses/res-env-005-climate-science-risk-solutions-a-climate-primer-fall-2020/,Unknown,"Energy, Climate, Technology, Science, Earth Science, Climate Studies, Sustainability, Energy, Climate, Technology, Science, Earth Science, Climate Studies, Sustainability",https://ocw.mit.edu/courses/res-env-005-climate-science-risk-solutions-a-climate-primer/37be82fa3a6b26e59b1086a57f553849_RES-ENV-005F20.png
25,Groundwater Hydrology,Graduate,"This course covers fundamentals of subsurface flow and transport, emphasizing the role of groundwater in the hydrologic cycle, the relation of groundwater flow to geologic structure, and the management of contaminated groundwater. The class includes laboratory and computer demonstrations.",https://ocw.mit.edu/courses/1-72-groundwater-hydrology-fall-2005/,Civil and Environmental Engineering,"Engineering, Environmental Engineering, Hydrology and Water Resource Systems, Science, Earth Science, Geology, Engineering, Environmental Engineering, Hydrology and Water Resource Systems, Science, Earth Science, Geology",https://ocw.mit.edu/courses/1-72-groundwater-hydrology-fall-2005/9421d305756c28fd7b8450cd18b4e5a0_1-72f05.jpg
26,Theoretical Environmental Analysis,Undergraduate,"This course analyzes cooperative processes that shape the natural environment, now and in the geologic past. It emphasizes the development of theoretical models that relate the physical and biological worlds, the comparison of theory to observational data, and associated mathematical methods.",https://ocw.mit.edu/courses/12-009j-theoretical-environmental-analysis-spring-2015/,"Earth, Atmospheric, and Planetary Sciences","Science, Biology, Ecology, Earth Science, Atmospheric Science, Climate Studies, Science, Biology, Ecology, Earth Science, Atmospheric Science, Climate Studies",https://ocw.mit.edu/courses/12-009j-theoretical-environmental-analysis-spring-2015/9e11b73d7a358907166b8c1b41463f01_12-009js15.jpg
27,Climate Physics and Chemistry,Graduate,"This course introduces students to climate studies, including beginnings of the solar system, time scales, and climate in human history. It is offered to both undergraduate and graduate students with different requirements.",https://ocw.mit.edu/courses/12-842-climate-physics-and-chemistry-fall-2008/,"Earth, Atmospheric, and Planetary Sciences","Science, Earth Science, Atmospheric Science, Climate Studies, Geochemistry, Geophysics, Planetary Science, Science, Earth Science, Atmospheric Science, Climate Studies, Geochemistry, Geophysics, Planetary Science",https://ocw.mit.edu/courses/12-842-climate-physics-and-chemistry-fall-2008/ed67b7a6382e5eb91cf2ab53b29de117_12-842f08.jpg
28,Introduction to Civil and Environmental Engineering Design I,Undergraduate,"In this sophomore design course, you will be challenged with three design tasks: a first concerning water resources/treatment, a second concerning structural design, and a third focusing on the conceptual (re)design of a large system, Boston’s Back Bay. The first two tasks require the design, fabrication and testing of hardware. Several laboratory experiments will be carried out and lectures will be presented to introduce students to the conceptual and experimental basis for design in both domains.
This course was based in large part on the Fall 2005 offering of 1.101, developed by Prof. Harold Hemond.
Show less",https://ocw.mit.edu/courses/1-101-introduction-to-civil-and-environmental-engineering-design-i-fall-2006/,Civil and Environmental Engineering,"Engineering, Civil Engineering, Environmental Engineering, Engineering, Civil Engineering, Environmental Engineering",https://ocw.mit.edu/courses/1-101-introduction-to-civil-and-environmental-engineering-design-i-fall-2006/7315eeb76ec2f89fdaa0c31e38a417ca_1-101f06.jpg
29,Public Transportation Systems,Graduate,"This course discusses the evolution and role of urban public transportation modes, systems, and services, focusing on bus and rail. It covers various topics, including current practice and new methods for data collection and analysis, performance monitoring, route design, frequency determination, vehicle and crew scheduling, effect of pricing policy and service quality on ridership.Show less",https://ocw.mit.edu/courses/1-258j-public-transportation-systems-spring-2017/,Civil and Environmental Engineering,"Engineering, Civil Engineering, Transportation Engineering, Social Science, Urban Studies, Transportation Planning, Engineering, Civil Engineering, Transportation Engineering, Social Science, Urban Studies, Transportation Planning",https://ocw.mit.edu/courses/1-258j-public-transportation-systems-spring-2017/f05dd8f8311ee9d6d192ab981cbbdf3e_1-258Js17.jpg
30,Urban Energy Systems and Policy,"Undergraduate, Graduate","This class is about figuring out together what cities and users can do to reduce their energy use and carbon emissions. Many other classes at MIT focus on policies, technologies, and systems, often at the national or international level, but this course focuses on the scale of cities and users. It is designed for any students interested in learning how to intervene in the energy use of cities using policy, technology, economics, and urban planning.Show less",https://ocw.mit.edu/courses/11-165j-urban-energy-systems-and-policy-fall-2022/,Urban Studies and Planning,"Energy, Social Science, Urban Studies, Urban Planning, Energy, Social Science, Urban Studies, Urban Planning",https://ocw.mit.edu/courses/11-165j-urban-energy-systems-and-policy-fall-2022/11-165f21.jpg
31,Urban Transportation Planning,Graduate,"This course examines the policy, politics, planning, and engineering of transportation systems in urban areas, with a special focus on the Boston area. It covers the role of the federal, state, and local government and the MPO, public transit in the era of the automobile, analysis of current trends and pattern breaks; analytical tools for transportation planning, traffic engineering, and policy analysis; the contribution of transportation to air pollution, social costs, and climate change; land use and transportation interactions, and more. Transportation sustainability is a central theme throughout the course, as well as consideration of if and how it is possible to resolve the tension between the three E’s (environment, economy, and equity). The goal of this course is to elicit discussion, stimulate independent thinking, and encourage students to understand and challenge the “conventional wisdom” of transportation planning.Show less",https://ocw.mit.edu/courses/1-252j-urban-transportation-planning-fall-2016/,Civil and Environmental Engineering,"Engineering, Civil Engineering, Transportation Engineering, Social Science, Public Administration, Public Policy, Urban Studies, Transportation Planning, Urban Planning, Engineering, Civil Engineering, Transportation Engineering, Social Science, Public Administration, Public Policy, Urban Studies, Transportation Planning, Urban Planning",https://ocw.mit.edu/courses/1-252j-urban-transportation-planning-fall-2016/da01775110f44dcb70ce6a87159c9ef3_1-252F16.jpg
32,Water Resource Systems,Graduate,"This subject is concerned with quantitative methods for analyzing large-scale water resource problems. Topics covered include the design and management of facilities for river basin development, flood control, water supply, groundwater remediation, and other activities related to water resources. Simulation models and optimization methods are often used to support analyses of water resource problems. In this subject we will be constructing simulation models with the MATLAB® programming language and solving numerical optimization problems with the GAMS optimization package.Show less",https://ocw.mit.edu/courses/1-731-water-resource-systems-fall-2006/,Civil and Environmental Engineering,"Engineering, Environmental Engineering, Aquatic Sciences and Water Quality Control, Hydrodynamics and Coastal Engineering, Hydrology and Water Resource Systems, Engineering, Environmental Engineering, Aquatic Sciences and Water Quality Control, Hydrodynamics and Coastal Engineering, Hydrology and Water Resource Systems",https://ocw.mit.edu/courses/1-731-water-resource-systems-fall-2006/7ddf960729a6748d9d037592aecf12c6_1-731f06.jpg
33,Water and Wastewater Treatment Engineering,Graduate,"This course is an overview of engineering approaches to protecting water quality with an emphasis on fundamental principals. Theory and conceptual design of systems for treating municipal wastewater and drinking water are discussed, as well as reactor theory, process kinetics, and models. Physical, chemical, and biological processes are presented, including sedimentation, filtration, biological treatment, disinfection, and sludge processing. Finally, there is discussion of engineered and natural processes for wastewater treatment.Show less",https://ocw.mit.edu/courses/1-85-water-and-wastewater-treatment-engineering-spring-2006/,Civil and Environmental Engineering,"Engineering, Environmental Engineering, Aquatic Sciences and Water Quality Control, Hydrology and Water Resource Systems, Engineering, Environmental Engineering, Aquatic Sciences and Water Quality Control, Hydrology and Water Resource Systems",https://ocw.mit.edu/courses/1-85-water-and-wastewater-treatment-engineering-spring-2006/5e23ac55e86cbd568daa8dd8b2662b59_1-85s06.jpg
34,"Exploring Sea, Space, & Earth: Fundamentals of Engineering Design",Undergraduate,"Student teams formulate and complete space/earth/ocean exploration-based design projects with weekly milestones. This course introduces core engineering themes, principles, and modes of thinking, and includes exercises in written and oral communication and team building. Specialized learning modules enable teams to focus on the knowledge required to complete their projects, such as machine elements, electronics, design process, visualization and communication. Examples of projects include surveying a lake for millfoil from a remote controlled aircraft, then sending out robotic harvesters to clear the invasive growth; and exploration to search for the evidence of life on a moon of Jupiter, with scientists participating through teleoperation and supervisory control of robots.Show less",https://ocw.mit.edu/courses/2-00aj-exploring-sea-space-earth-fundamentals-of-engineering-design-spring-2009/,Mechanical Engineering,"Engineering, Electrical Engineering, Robotics and Control Systems, Mechanical Engineering, Mechanical Design, Ocean Engineering, Ocean Exploration, Systems Engineering, Systems Design, Engineering, Electrical Engineering, Robotics and Control Systems, Mechanical Engineering, Mechanical Design, Ocean Engineering, Ocean Exploration, Systems Engineering, Systems Design",https://ocw.mit.edu/courses/2-00aj-exploring-sea-space-earth-fundamentals-of-engineering-design-spring-2009/b6a31a6a85998d664ea826a766d9032b_2-00ajs09.jpg
35,Desalination and Water Purification,Graduate,"Water supply is a problem of worldwide concern: more than 1 billion people do not have reliable access to clean drinking water. Water is a particular problem for the developing world, but scarcity also impacts industrial societies. Water purification and desalination technology can be used to convert brackish ground water or seawater into drinking water. The challenge is to do so sustainably, with minimum cost and energy consumption, and with appropriately accessible technologies.
This subject will survey the state-of-the-art in water purification by desalination and filtration. Fundamental thermodynamic and transport processes which govern the creation of fresh water from seawater and brackish ground water will be developed. The technologies of existing desalination systems will be discussed, and factors which limit the performance or the affordability of these systems will be highlighted. Energy efficiency will be a focus. Nanofiltration and emerging technologies for desalination will be considered. A student project in desalination will involve designing a well-water purification system for a village in Haiti.
Show less",https://ocw.mit.edu/courses/2-500-desalination-and-water-purification-spring-2009/,Mechanical Engineering,"Energy, Climate, Engineering, Chemical Engineering, Separation Processes, Environmental Engineering, Aquatic Sciences and Water Quality Control, Hydrology and Water Resource Systems, Ocean Engineering, Oceanic Pollution Control, Energy, Climate, Engineering, Chemical Engineering, Separation Processes, Environmental Engineering, Aquatic Sciences and Water Quality Control, Hydrology and Water Resource Systems, Ocean Engineering, Oceanic Pollution Control",https://ocw.mit.edu/courses/2-500-desalination-and-water-purification-spring-2009/e49f672b88e589aa7a4591d86ddf9c21_2-500s09.jpg
36,Fundamentals of Advanced Energy Conversion,Undergraduate,"This course covers fundamentals of thermodynamics, chemistry, and transport applied to energy systems. Topics include analysis of energy conversion and storage in thermal, mechanical, chemical, and electrochemical processes in power and transportation systems, with emphasis on efficiency, performance, and environmental impact. Applications include fuel reforming and alternative fuels, hydrogen, fuel cells and batteries, combustion, catalysis, combined and hybrid power cycles using fossil, nuclear and renewable resources.Show less",https://ocw.mit.edu/courses/2-60j-fundamentals-of-advanced-energy-conversion-spring-2020/,Mechanical Engineering,"Energy, Combustion, Fossil Fuels, Fuel Cells, Hydrogen and Alternatives, Nuclear, Renewables, Engineering, Chemical Engineering, Transport Processes, Systems Engineering, Science, Physics, Thermodynamics, Energy, Combustion, Fossil Fuels, Fuel Cells, Hydrogen and Alternatives, Nuclear, Renewables, Engineering, Chemical Engineering, Transport Processes, Systems Engineering, Science, Physics, Thermodynamics",https://ocw.mit.edu/courses/2-60j-fundamentals-of-advanced-energy-conversion-spring-2020/92fc5969d1aa2ec6a7e2ed62f781e38b_2-60js20.jpg
37,Principles of Engineering Practice,Undergraduate,"This class introduces students to the interdisciplinary nature of 21st-century engineering projects with three threads of learning: a technical toolkit, a social science toolkit, and a methodology for problem-based learning. Students encounter the social, political, economic, and technological challenges of engineering practice by participating in real engineering projects with faculty and industry; this semester’s major project focuses on the engineering and economics of solar cells. Student teams will create prototypes and mixed media reports with exercises in project planning, analysis, design, optimization, demonstration, reporting and team building.Show less",https://ocw.mit.edu/courses/3-003-principles-of-engineering-practice-spring-2010/,Materials Science and Engineering,"Business, Management, Engineering, Electrical Engineering, Materials Science and Engineering, Electronic Materials, Business, Management, Engineering, Electrical Engineering, Materials Science and Engineering, Electronic Materials",https://ocw.mit.edu/courses/3-003-principles-of-engineering-practice-spring-2010/fe3a1cbf6a783697b2195b932a571f9c_3-003s10.jpg
38,Economic & Environmental Issues in Materials Selection,Undergraduate,"Choice of material has implications throughout the life-cycle of a product, influencing many aspects of economic and environmental performance. This course will provide a survey of methods for evaluating those implications. Lectures will cover topics in material choice concepts, fundamentals of engineering economics, manufacturing economics modeling methods, and life-cycle environmental evaluation.Show less",https://ocw.mit.edu/courses/3-080-economic-environmental-issues-in-materials-selection-fall-2005/,Materials Science and Engineering,"Engineering, Materials Science and Engineering, Science, Earth Science, Environmental Science, Social Science, Economics, Engineering, Materials Science and Engineering, Science, Earth Science, Environmental Science, Social Science, Economics",https://ocw.mit.edu/courses/3-080-economic-environmental-issues-in-materials-selection-fall-2005/de22d5ac8537cc7b8cd7732c43e234e3_3-080f05.jpg
39,Environmental Technologies in Buildings,Undergraduate,"This course focuses on the thermal, luminous, and acoustic behavior of buildings, examining the basic scientific principles underlying these phenomena and introducing students to technologies and analysis techniques for designing comfortable indoor environments. Students are challenged to apply these techniques and explore the role light, energy, and sound can play in shaping architecture.Show less",https://ocw.mit.edu/courses/4-401-environmental-technologies-in-buildings-fall-2018/,Architecture,"Energy, Buildings, Fine Arts, Architecture, Environmental Design, Energy, Buildings, Fine Arts, Architecture, Environmental Design",https://ocw.mit.edu/courses/4-401-environmental-technologies-in-buildings-fall-2018/3dabcea4815af7e1fdbc9fd88a814bab_4-401f18.jpg
40,Fundamentals of Energy in Buildings,Undergraduate,"This design-based subject provides a first course in energy and thermo-sciences with applications to sustainable energy-efficient architecture and building technology. No previous experience with subject matter is assumed. After taking this subject, students will understand introductory thermodynamics and heat transfer, know the leading order factors in building energy use, and have creatively employed their understanding of energy fundamentals and knowledge of building energy use in innovative building design projects. This year, the focus will be on design projects that will complement the new NSTAR/MIT campus efficiency program.Show less",https://ocw.mit.edu/courses/4-42j-fundamentals-of-energy-in-buildings-fall-2010/,Architecture,"Fine Arts, Architecture, Architectural Design, Architectural Engineering, Environmental Design, Fine Arts, Architecture, Architectural Design, Architectural Engineering, Environmental Design",https://ocw.mit.edu/courses/4-42j-fundamentals-of-energy-in-buildings-fall-2010/f3f02f4df67ed359def8909015647fb3_4-42jf10.jpg
41,Advanced Seminar: Urban Nature and City Design,Graduate,"This course will explore the mutual influences of ideas of nature, theories of city design and planning, and practices of urban design, construction, and management. We will investigate how natural processes shape urban landscapes (from the scale of street corner to region) and how to intervene strategically in those processes in order to achieve certain goals. We will examine cases of cities that adapted successfully to natural processes and those that did not. Students will then have the opportunity to research a case of their choice and to present their findings for discussion. The subject may be historical or an an example of contemporary theory and practice.Show less",https://ocw.mit.edu/courses/11-308j-advanced-seminar-urban-nature-and-city-design-fall-2012/,Urban Studies and Planning,"Social Science, Urban Studies, Urban Planning, Social Science, Urban Studies, Urban Planning",https://ocw.mit.edu/courses/11-308j-advanced-seminar-urban-nature-and-city-design-fall-2012/d5d3efcc79bb5981b591fbdbbb3b35a0_11-308jf12.jpg
42,Water and Sanitation Infrastructure in Developing Countries,Graduate,"This course deals with the principles of infrastructure planning in developing countries, with a focus on appropriate and sustainable technologies for water and sanitation. It also incorporates technical, socio-cultural, public health, and economic factors into the planning and design of water and sanitation systems. Upon completion, students will be able to plan simple, yet reliable, water supply and sanitation systems for developing countries that are compatible with local customs and available human and material resources. Graduate and upper division students from any department who are interested in international development at the grassroots level are encouraged to participate in this interdisciplinary subject.
ACKNOWLEDGMENT
This course was jointly developed by Earthea Nance and Susan Murcott in Spring 2006.
Show less",https://ocw.mit.edu/courses/11-479j-water-and-sanitation-infrastructure-in-developing-countries-spring-2007/,Urban Studies and Planning,"Engineering, Environmental Engineering, Aquatic Sciences and Water Quality Control, Environmental Management, Hydrology and Water Resource Systems, Health and Medicine, Public Health, Social Science, Public Administration, Environmental Policy, Urban Studies, Regional Planning, Society, The Developing World, Engineering, Environmental Engineering, Aquatic Sciences and Water Quality Control, Environmental Management, Hydrology and Water Resource Systems, Health and Medicine, Public Health, Social Science, Public Administration, Environmental Policy, Urban Studies, Regional Planning, Society, The Developing World",https://ocw.mit.edu/courses/11-479j-water-and-sanitation-infrastructure-in-developing-countries-spring-2007/c09cdb3dc08bfddf9a01ec0d94ab5a39_11-479js07.jpg
43,Global Freshwater Crisis,Undergraduate,"For the first time in history, the global demand for freshwater is overtaking its supply in many parts of the world. The U.N. predicts that by 2025, more than half of the countries in the world will be experiencing water stress or outright shortages. Lack of water can cause disease, food shortages, starvation, migrations, political conflict, and even lead to war. Models of cooperation, both historic and contemporary, show the way forward. The first half of the course details the multiple facets of the water crisis. Topics include water systems, water transfers, dams, pollution, climate change, scarcity, water conflict/cooperation, food security, and agriculture. The second half of the course describes innovative solutions: Adaptive technologies and adaptation through policy, planning, management, economic tools, and finally, human behaviors required to preserve this precious and imperiled resource. Several field trips to water/wastewater/biosolids reuse and water-energy sites will help us to better comprehend both local and international challenges and solutions.Show less",https://ocw.mit.edu/courses/11-s196-global-freshwater-crisis-spring-2011/,Urban Studies and Planning,"Engineering, Environmental Engineering, Aquatic Sciences and Water Quality Control, Environmental Management, Hydrodynamics and Coastal Engineering, Social Science, Economics, International Development, Engineering, Environmental Engineering, Aquatic Sciences and Water Quality Control, Environmental Management, Hydrodynamics and Coastal Engineering, Social Science, Economics, International Development",https://ocw.mit.edu/courses/11-s196-global-freshwater-crisis-spring-2011/db3430173a801ffdf4f4f2b545432580_11-s196s11.jpg
44,The Sustainability Response to COVID-19,Graduate,"This course explores the importance of public transportation to social and economic recovery from the COVID-19 pandemic and seeks to identify approaches to restoring transit ridership, with a focus on Metro Boston. We will attempt to (1) understand whether and how the COVID-19 pandemic can advance sustainable mobility, and specifically the role(s) of public transportation in the COVID-19 recovery process, and (2) identify policies and/or interventions that may encourage pre-COVID transit riders to return to transit and attract net new transit ridership.Show less",https://ocw.mit.edu/courses/11-s955-the-sustainability-response-to-covid-19-january-iap-2021/,Urban Studies and Planning,"Energy, Transportation, Health and Medicine, Public Health, Social Science, Urban Studies, Transportation Planning, Energy, Transportation, Health and Medicine, Public Health, Social Science, Urban Studies, Transportation Planning",https://ocw.mit.edu/courses/11-s955-the-sustainability-response-to-covid-19-january-iap-2021/f960128042ebe2ff78d7073b05ae18a8_11-s955iap21.jpg
45,Solving Complex Problems,Undergraduate,"12.000 Solving Complex Problems is designed to provide students the opportunity to work as part of a team to propose solutions to a complex problem that requires an interdisciplinary approach. For the students of the class of 2013, 12.000 will revolve around the issues associated with what we can and must do about the steadily increasing amounts CO2 in Earth’s atmosphere.
12.000 is a core course for the MIT Terrascope freshman learning community. Each year’s class explores a different problem in detail through the study of complementary case histories and the development of creative solution strategies. It includes training in Web site development, effective written and oral communication, and team building. Initially developed with major financial support from the d’Arbeloff Fund for Excellence in Education, 12.000 is designed to enhance the freshman experience by helping students develop contexts for other subjects in the sciences and humanities, and by helping them to establish learning communities that include upperclassmen, faculty, MIT alumni, and professionals in science and engineering fields.
Show less",https://ocw.mit.edu/courses/12-000-solving-complex-problems-fall-2009/,"Earth, Atmospheric, and Planetary Sciences","Engineering, Environmental Engineering, Environmental Management, Science, Earth Science, Atmospheric Science, Environmental Science, Social Science, Public Administration, Environmental Policy, Engineering, Environmental Engineering, Environmental Management, Science, Earth Science, Atmospheric Science, Environmental Science, Social Science, Public Administration, Environmental Policy",https://ocw.mit.edu/courses/12-000-solving-complex-problems-fall-2009/d0858e57959fc33931782b75722957ef_12-000f09.jpg
46,D-Lab: Supply Chains,Undergraduate,"This course introduces concepts of supply chain design and operations with a focus on supply chains for products destined to improve quality of life in developing countries. Topics include demand estimation, capacity planning and process analysis, inventory management, and supply chain coordination and performance. We also cover issues specific to emerging markets, such as sustainable supply chains, how to couple product design with supply chain design and operation, and how to account for the value-adding role of a supply chain. A major aspect of class is the student projects on supply chain design or improvement.Show less",https://ocw.mit.edu/courses/15-772j-d-lab-supply-chains-fall-2014/,Sloan School of Management,"Business, Supply Chain Management, Society, The Developing World, Business, Supply Chain Management, Society, The Developing World",https://ocw.mit.edu/courses/15-772j-d-lab-supply-chains-fall-2014/bbfbe2108c45d842b113a3bd45fb73a8_15-772jf14.jpg
47,Nuclear Systems Design Project,"Undergraduate, Graduate","This capstone course is a group design project involving integration of nuclear physics, particle transport, control, heat transfer, safety, instrumentation, materials, environmental impact, and economic optimization. It provides opportunities to synthesize knowledge acquired in nuclear and non-nuclear subjects and apply this knowledge to practical problems of current interest in nuclear applications design. Each year, the class takes on a different design project; this year, the project is a power plant design that ties together the creation of emission-free electricity with carbon sequestration and fossil fuel displacement. Students taking graduate version complete additional assignments.
This course is an elective subject in MIT’s undergraduate Energy Studies Minor. This Institute-wide program complements the deep expertise obtained in any major with a broad understanding of the interlinked realms of science, technology, and social sciences as they relate to energy and associated environmental challenges.
Show less",https://ocw.mit.edu/courses/22-033-nuclear-systems-design-project-fall-2011/,Nuclear Science and Engineering,"Business, Project Management, Energy, Hydrogen and Alternatives, Nuclear, Renewables, Engineering, Nuclear Engineering, Nuclear Systems, Policy, and Economics, Systems Engineering, Systems Design, Science, Physics, Nuclear Physics, Business, Project Management, Energy, Hydrogen and Alternatives, Nuclear, Renewables, Engineering, Nuclear Engineering, Nuclear Systems, Policy, and Economics, Systems Engineering, Systems Design, Science, Physics, Nuclear Physics",https://ocw.mit.edu/courses/22-033-nuclear-systems-design-project-fall-2011/2dd223d254f7cf31e2c811afdb87eeb8_22-033f11.jpg
48,Introduction to Sustainable Energy,"Undergraduate, Graduate","This class assesses current and potential future energy systems, covering resources, extraction, conversion, and end-use technologies, with emphasis on meeting regional and global energy needs in the 21st century in a sustainable manner. Instructors and guest lecturers will examine various renewable and conventional energy production technologies, energy end-use practices and alternatives, and consumption practices in different countries. Students will learn a quantitative framework to aid in evaluation and analysis of energy technology system proposals in the context of engineering, political, social, economic, and environmental goals. Students taking the graduate version, Sustainable Energy, complete additional assignments.Show less",https://ocw.mit.edu/courses/22-081j-introduction-to-sustainable-energy-fall-2010/,Nuclear Science and Engineering,"Energy, Combustion, Electricity, Fossil Fuels, Nuclear, Renewables, Technology, Transportation, Engineering, Electrical Engineering, Electric Power, Science, Earth Science, Sustainability, Social Science, Public Administration, Science and Technology Policy, Energy, Combustion, Electricity, Fossil Fuels, Nuclear, Renewables, Technology, Transportation, Engineering, Electrical Engineering, Electric Power, Science, Earth Science, Sustainability, Social Science, Public Administration, Science and Technology Policy",https://ocw.mit.edu/courses/22-081j-introduction-to-sustainable-energy-fall-2010/61602f1b9bd68d301f9fbe3893c266d9_22-081jf10.jpg
49,D-Lab I: Development,Undergraduate,"D-Lab Development addresses issues of technological improvements at the micro level for developing countries—in particular, how the quality of life of low-income households can be improved by adaptation of low cost and sustainable technologies. Discussion of development issues as well as project implementation challenges are addressed through lectures, case studies, guest speakers and laboratory exercises. Students form project teams to partner with mostly local level organizations in developing countries, and formulate plans for an IAP site visit. (Previous field sites include Ghana, Brazil, Honduras and India.) Project team meetings focus on developing specific projects and include cultural, social, political, environmental and economic overviews of the countries and localities to be visited as well as an introduction to the local languages.Show less",https://ocw.mit.edu/courses/ec-701j-d-lab-i-development-fall-2009/,Edgerton Center,"Engineering, Science, Earth Science, Sustainability, Social Science, Economics, Developmental Economics, Society, The Developing World, Engineering, Science, Earth Science, Sustainability, Social Science, Economics, Developmental Economics, Society, The Developing World",https://ocw.mit.edu/courses/ec-701j-d-lab-i-development-fall-2009/616e7a7bf16fbcef2928b0da889f6782_ec-701jf09.jpg
50,D-Lab II: Design,Undergraduate,"D-Lab: Design addresses problems faced by undeserved communities with a focus on design, experimentation, and prototyping processes. Particular attention is placed on constraints faced when designing for developing countries. Multidisciplinary teams work on semester-long projects in collaboration with community partners, field practitioners, and experts in relevant fields. Topics covered include design for affordability, design for manufacture, sustainability, and strategies for working effectively with community partners and customers. Students may continue projects begun in EC.701J D-Lab I: Development.Show less",https://ocw.mit.edu/courses/ec-720j-d-lab-ii-design-spring-2010/,Edgerton Center,"Engineering, Science, Earth Science, Sustainability, Social Science, Economics, Developmental Economics, Society, The Developing World, Engineering, Science, Earth Science, Sustainability, Social Science, Economics, Developmental Economics, Society, The Developing World",https://ocw.mit.edu/courses/ec-720j-d-lab-ii-design-spring-2010/1e7f669f9a7b0af8094fcf5119d01820_ec-720js10.jpg
51,D-Lab: Energy,Undergraduate,"D-Lab: Energy offers a hands-on, project-based approach that engages students in understanding and addressing the applications of small-scale, sustainable energy technology in developing countries where compact, robust, low-cost systems for generating power are required. Projects may include micro-hydro, solar, or wind turbine generators along with theoretical analysis, design, prototype construction, evaluation and implementation. Students will have the opportunity both to travel to Nicaragua during spring break to identify and implement projects.
D-Lab: Energy is part of MIT’s D-Lab program, which fosters the development of appropriate technologies and sustainable solutions within the framework of international development.
This course is an elective subject in MIT’s undergraduate Energy Studies Minor. This Institute-wide program complements the deep expertise obtained in any major with a broad understanding of the interlinked realms of science, technology, and social sciences as they relate to energy and associated environmental challenges.
Show less",https://ocw.mit.edu/courses/ec-711-d-lab-energy-spring-2011/,Edgerton Center,"Energy, Engineering, Electrical Engineering, Electric Power, Science, Earth Science, Sustainability, Society, The Developing World, Energy, Engineering, Electrical Engineering, Electric Power, Science, Earth Science, Sustainability, Society, The Developing World",https://ocw.mit.edu/courses/ec-711-d-lab-energy-spring-2011/904b1bf01a94f63a980908933b86bfda_ec-711s11.jpg
52,"D-Lab: Water, Sanitation, and Hygiene",Undergraduate,"This course focuses on disseminating Water, Sanitation and Hygiene (WASH) or water/environment innovations in developing countries and underserved communities worldwide. It emphasizes core WASH and water/environment principles, culture-specific solutions, tools for start-ups, appropriate and sustainable technologies, behavior change, social marketing, building partnerships, and the theory and practice of innovation diffusion.Show less",https://ocw.mit.edu/courses/ec-715-d-lab-water-sanitation-and-hygiene-fall-2019/,Edgerton Center,"Engineering, Environmental Engineering, Aquatic Sciences and Water Quality Control, Health and Medicine, Public Health, Science, Earth Science, Sustainability, Society, The Developing World, Engineering, Environmental Engineering, Aquatic Sciences and Water Quality Control, Health and Medicine, Public Health, Science, Earth Science, Sustainability, Society, The Developing World",https://ocw.mit.edu/courses/ec-715-d-lab-water-sanitation-and-hygiene-fall-2019/f402674eb612e32df8ec9f7a8d3465b2_ec-715f19.jpg
53,Climate Action Hands-On: Harnessing Science with Communities to Cut Carbon,Non-Credit,"This course explores how citizen science can support community actions to combat climate change. Participants will learn about framing problems, design ways to gather data, gather some of their own field data, and consider how the results can enable action. Leaks in the natural gas system—a major source of methane emissions, and a powerful contributor to climate change—will be a particular focus.
The course was organized by ClimateX and Fossil Free MIT, with support from the National Science Foundation for the methane monitoring equipment. It was offered during the Independent Activities Period (IAP), which is a special 4-week January term at MIT.
Show less",https://ocw.mit.edu/courses/res-env-001-climate-action-hands-on-harnessing-science-with-communities-to-cut-carbon-january-iap-2017/,Unknown,"Energy, Climate, Fossil Fuels, Engineering, Environmental Engineering, Environmental Management, Social Science, Public Administration, Environmental Policy, Energy, Climate, Fossil Fuels, Engineering, Environmental Engineering, Environmental Management, Social Science, Public Administration, Environmental Policy",https://ocw.mit.edu/courses/res-env-001-climate-action-hands-on-harnessing-science-with-communities-to-cut-carbon-january-iap-2017/6c42c4fa9fd610ae5240d92dacf971a5_res-env-001iap17.jpg
54,Ecologies of Construction,Graduate,Ecologies of Construction examines the resource requirements for the making and maintenance of the contemporary built environment. This course introduces the field of industrial ecology as a primary source of concepts and methods in the mapping of material and energy expenditures dedicated to construction activities.,https://ocw.mit.edu/courses/4-406-ecologies-of-construction-spring-2007/,Architecture,"Fine Arts, Architecture, Architectural Engineering, Environmental Design, Fine Arts, Architecture, Architectural Engineering, Environmental Design",https://ocw.mit.edu/courses/4-406-ecologies-of-construction-spring-2007/ebfa98a9aee91be67864e63f5261ed65_4-406s07.jpg
